{"meta": {"format": 3, "version": "7.8.2", "timestamp": "2026-01-12T14:38:11.571343", "branch_coverage": false, "show_contexts": false}, "files": {"src/main.py": {"executed_lines": [1, 2, 3, 4, 6, 7, 8, 9, 10, 12, 26, 28, 29, 31, 32, 34, 36, 40, 42, 43, 44, 45, 46, 47, 50, 51, 52, 53, 54, 55, 56, 57, 60, 61, 62, 63, 64, 67, 68, 69, 70, 71, 74, 75, 78, 85, 93, 96, 97, 98, 99, 100, 101, 102, 103, 105, 106, 107, 109], "summary": {"covered_lines": 59, "num_statements": 60, "percent_covered": 98.33333333333333, "percent_covered_display": "98", "missing_lines": 1, "excluded_lines": 0}, "missing_lines": [110], "excluded_lines": [], "functions": {"validate_file": {"executed_lines": [26, 28, 29, 31, 32, 34], "summary": {"covered_lines": 6, "num_statements": 6, "percent_covered": 100.0, "percent_covered_display": "100", "missing_lines": 0, "excluded_lines": 0}, "missing_lines": [], "excluded_lines": []}, "main": {"executed_lines": [40, 42, 43, 44, 45, 46, 47, 50, 51, 52, 53, 54, 55, 56, 57, 60, 61, 62, 63, 64, 67, 68, 69, 70, 71, 74, 75, 78, 85, 93, 96, 97, 98, 99, 100, 101, 102, 103, 105, 106, 107], "summary": {"covered_lines": 41, "num_statements": 41, "percent_covered": 100.0, "percent_covered_display": "100", "missing_lines": 0, "excluded_lines": 0}, "missing_lines": [], "excluded_lines": []}, "": {"executed_lines": [1, 2, 3, 4, 6, 7, 8, 9, 10, 12, 36, 109], "summary": {"covered_lines": 12, "num_statements": 13, "percent_covered": 92.3076923076923, "percent_covered_display": "92", "missing_lines": 1, "excluded_lines": 0}, "missing_lines": [110], "excluded_lines": []}}, "classes": {"": {"executed_lines": [1, 2, 3, 4, 6, 7, 8, 9, 10, 12, 26, 28, 29, 31, 32, 34, 36, 40, 42, 43, 44, 45, 46, 47, 50, 51, 52, 53, 54, 55, 56, 57, 60, 61, 62, 63, 64, 67, 68, 69, 70, 71, 74, 75, 78, 85, 93, 96, 97, 98, 99, 100, 101, 102, 103, 105, 106, 107, 109], "summary": {"covered_lines": 59, "num_statements": 60, "percent_covered": 98.33333333333333, "percent_covered_display": "98", "missing_lines": 1, "excluded_lines": 0}, "missing_lines": [110], "excluded_lines": []}}}}, "totals": {"covered_lines": 59, "num_statements": 60, "percent_covered": 98.33333333333333, "percent_covered_display": "98", "missing_lines": 1, "excluded_lines": 0}}